VertexID,Rank
33,0.000252
1764,0.000216
3823,0.000186
338,0.000147
1113,0.000144
3,0.000137
1511,0.000136
853,0.000128
7307,0.000125
952,0.000118
2371,0.000109
127,0.000109
736,0.000108
4972,0.000108
6908,0.000108
2376,0.000108
7438,0.000099
1882,0.000096
4847,0.000094
145,0.000094
