VertexID,Rank
33,0.000239
1764,0.000235
3823,0.000181
338,0.000149
1113,0.000142
3,0.000133
1511,0.000129
853,0.000127
2371,0.000121
952,0.000114
4972,0.000114
6908,0.000110
127,0.000109
7307,0.000105
1882,0.000103
155,0.000101
1454,0.000101
69,0.000101
7438,0.000098
736,0.000096
