VertexID,Rank
33,0.000245
1764,0.000242
3823,0.000186
338,0.000147
3,0.000145
952,0.000139
853,0.000133
1113,0.000132
1511,0.000126
6908,0.000120
127,0.000119
2371,0.000114
7307,0.000106
7438,0.000103
1454,0.000103
155,0.000102
69,0.000100
736,0.000097
2376,0.000096
145,0.000096
