VertexID,Rank
33,0.000277
1764,0.000253
3823,0.000197
338,0.000154
3,0.000147
1511,0.000135
1113,0.000131
952,0.000127
853,0.000117
6908,0.000114
7307,0.000113
4972,0.000112
127,0.000111
3504,0.000103
155,0.000103
2371,0.000101
69,0.000101
1882,0.000097
1644,0.000093
736,0.000093
