VertexID,Rank
33,0.000256
1764,0.000233
3823,0.000175
3,0.000145
338,0.000140
853,0.000138
1511,0.000131
1113,0.000121
952,0.000119
736,0.000112
7307,0.000112
127,0.000109
4972,0.000107
6908,0.000102
155,0.000101
3504,0.000100
1454,0.000099
1882,0.000099
3052,0.000098
7438,0.000097
