VertexID,Rank
33,0.000235
1764,0.000226
3823,0.000172
338,0.000142
1511,0.000132
3,0.000130
952,0.000129
853,0.000128
1113,0.000123
127,0.000110
4972,0.000109
6908,0.000109
736,0.000106
155,0.000104
7307,0.000103
2207,0.000103
3504,0.000099
1882,0.000099
2371,0.000098
1964,0.000098
