VertexID,Rank
33,0.000265
1764,0.000243
3823,0.000177
338,0.000141
1113,0.000136
1511,0.000135
3,0.000134
952,0.000129
853,0.000120
4972,0.000115
127,0.000112
7307,0.000111
1882,0.000106
2371,0.000105
6908,0.000102
155,0.000098
3052,0.000096
7438,0.000096
1454,0.000095
3504,0.000093
