VertexID,Rank
33,0.000263
1764,0.000241
3823,0.000186
3,0.000141
338,0.000140
1511,0.000139
1113,0.000127
952,0.000127
853,0.000117
7307,0.000111
4972,0.000109
7438,0.000106
2376,0.000104
2371,0.000104
127,0.000104
1644,0.000102
6908,0.000100
3504,0.000100
1882,0.000099
155,0.000099
