VertexID,Rank
33,0.000253
1764,0.000218
3823,0.000169
3,0.000154
338,0.000148
1511,0.000133
1113,0.000130
853,0.000128
4972,0.000123
952,0.000122
2371,0.000113
6908,0.000111
127,0.000108
155,0.000105
1454,0.000097
2857,0.000095
7307,0.000094
4847,0.000094
736,0.000094
1882,0.000092
