VertexID,Rank
1764,0.000249
33,0.000247
3823,0.000177
338,0.000152
1113,0.000149
3,0.000143
952,0.000135
853,0.000121
1511,0.000116
7307,0.000116
6908,0.000109
2371,0.000109
736,0.000103
127,0.000103
4972,0.000103
1882,0.000102
1454,0.000095
155,0.000094
1644,0.000094
3052,0.000093
