VertexID,Rank
33,0.000251
1764,0.000243
3823,0.000172
3,0.000150
1511,0.000140
338,0.000139
1113,0.000131
952,0.000127
7307,0.000123
853,0.000117
6908,0.000109
4972,0.000104
155,0.000100
3052,0.000098
69,0.000097
127,0.000097
7438,0.000096
3504,0.000096
1978,0.000096
2371,0.000095
