VertexID,Rank
33,0.000262
1764,0.000251
3823,0.000197
338,0.000146
1511,0.000145
3,0.000138
952,0.000137
853,0.000124
1113,0.000120
127,0.000118
4972,0.000112
7307,0.000108
2371,0.000105
155,0.000105
6908,0.000100
3052,0.000098
1454,0.000098
736,0.000096
3504,0.000096
4847,0.000094
