VertexID,Rank
33,0.000257
1764,0.000254
3823,0.000187
3,0.000154
338,0.000145
1511,0.000132
1113,0.000128
952,0.000128
853,0.000126
7307,0.000122
2371,0.000112
155,0.000108
127,0.000104
4972,0.000104
69,0.000101
1454,0.000099
1964,0.000096
1978,0.000096
5004,0.000094
2376,0.000093
