VertexID,Rank
1764,0.000256
33,0.000255
3823,0.000183
338,0.000160
3,0.000142
853,0.000133
1511,0.000130
1113,0.000126
6908,0.000123
7307,0.000115
952,0.000112
2371,0.000108
1454,0.000106
127,0.000105
1882,0.000102
155,0.000101
7438,0.000099
4972,0.000097
2376,0.000096
1978,0.000095
