VertexID,Rank
1764,0.000238
33,0.000234
3823,0.000181
338,0.000148
3,0.000139
1113,0.000138
1511,0.000137
952,0.000127
127,0.000124
853,0.000120
7307,0.000114
1644,0.000106
155,0.000104
2371,0.000104
6908,0.000101
736,0.000100
3504,0.000100
4439,0.000095
7438,0.000094
1454,0.000094
