VertexID,Rank
33,0.000254
1764,0.000249
3823,0.000181
1511,0.000146
338,0.000142
3,0.000136
952,0.000130
1113,0.000126
853,0.000117
7307,0.000114
4972,0.000106
127,0.000105
1454,0.000105
1882,0.000104
6908,0.000101
2371,0.000099
3504,0.000098
155,0.000097
3052,0.000096
7438,0.000095
