VertexID,Rank
1764,0.000265
33,0.000255
3823,0.000184
338,0.000149
1113,0.000143
3,0.000140
952,0.000124
853,0.000119
1511,0.000119
6908,0.000116
7307,0.000113
4972,0.000113
736,0.000106
1882,0.000105
69,0.000105
127,0.000105
155,0.000097
3504,0.000097
2371,0.000097
3052,0.000094
