VertexID,Rank
33,0.000244
1764,0.000241
3823,0.000191
338,0.000145
1511,0.000136
853,0.000131
3,0.000130
952,0.000122
4972,0.000118
1113,0.000117
7307,0.000115
1882,0.000109
1454,0.000106
6908,0.000106
127,0.000106
155,0.000104
2857,0.000102
736,0.000094
1978,0.000092
69,0.000091
