VertexID,Rank
33,0.000247
1764,0.000236
3823,0.000188
3,0.000157
338,0.000148
1511,0.000145
853,0.000130
952,0.000123
6908,0.000122
7307,0.000118
127,0.000117
1113,0.000117
2371,0.000112
1882,0.000104
4972,0.000103
155,0.000101
1644,0.000099
1964,0.000099
69,0.000098
736,0.000098
