VertexID,Rank
1764,0.000249
33,0.000238
3823,0.000177
338,0.000147
3,0.000145
1113,0.000137
1511,0.000127
952,0.000123
853,0.000117
4972,0.000111
6908,0.000109
155,0.000108
127,0.000107
3504,0.000106
736,0.000102
7307,0.000102
2371,0.000101
2376,0.000099
7438,0.000096
1882,0.000091
