VertexID,Rank
33,0.000243
1764,0.000235
3823,0.000171
338,0.000149
952,0.000141
1511,0.000139
3,0.000138
1113,0.000128
853,0.000124
127,0.000113
6908,0.000112
7307,0.000111
155,0.000106
1882,0.000104
4972,0.000104
1964,0.000103
1454,0.000103
736,0.000100
69,0.000094
7438,0.000094
