VertexID,Rank
33,0.000261
1764,0.000226
3823,0.000186
3,0.000145
338,0.000140
952,0.000140
1511,0.000133
1113,0.000123
853,0.000122
4972,0.000115
7307,0.000114
69,0.000109
6908,0.000105
2371,0.000103
127,0.000102
1964,0.000101
3504,0.000101
3052,0.000100
1978,0.000098
155,0.000097
