VertexID,Rank
1764,0.000233
33,0.000231
3823,0.000173
3,0.000145
338,0.000144
1511,0.000137
1113,0.000131
853,0.000125
952,0.000122
127,0.000109
69,0.000106
7307,0.000105
1882,0.000102
4972,0.000100
736,0.000099
2371,0.000095
3052,0.000093
6908,0.000092
155,0.000092
7438,0.000092
