VertexID,Rank
33,0.000253
1764,0.000246
3823,0.000176
1113,0.000145
3,0.000134
853,0.000128
338,0.000127
1511,0.000120
952,0.000117
7307,0.000116
155,0.000111
4972,0.000111
6908,0.000107
2371,0.000102
127,0.000100
1882,0.000098
69,0.000097
2376,0.000096
3052,0.000095
1454,0.000094
