VertexID,Rank
33,0.000268
1764,0.000252
3823,0.000190
338,0.000145
3,0.000142
1511,0.000136
1113,0.000134
853,0.000123
952,0.000120
7307,0.000113
2376,0.000109
6908,0.000109
127,0.000106
4972,0.000104
2371,0.000101
1882,0.000101
1454,0.000099
69,0.000097
736,0.000097
1964,0.000095
