VertexID,Rank
33,0.000274
1764,0.000244
3823,0.000184
338,0.000150
1511,0.000134
1113,0.000133
952,0.000133
853,0.000129
3,0.000123
6908,0.000115
127,0.000113
7307,0.000109
2371,0.000108
2376,0.000103
7438,0.000101
155,0.000100
4972,0.000099
3504,0.000099
69,0.000095
1978,0.000094
