VertexID,Rank
33,0.000260
1764,0.000242
3823,0.000180
338,0.000148
3,0.000138
1511,0.000131
1113,0.000130
952,0.000128
853,0.000124
7307,0.000113
127,0.000113
6908,0.000112
4972,0.000111
2371,0.000110
155,0.000105
69,0.000097
1882,0.000097
3504,0.000096
1454,0.000094
7438,0.000094