VertexID,Rank
33,0.000254
1764,0.000240
3823,0.000181
338,0.000149
3,0.000136
1511,0.000133
952,0.000131
1113,0.000128
853,0.000123
7307,0.000115
6908,0.000114
127,0.000113
1882,0.000106
2371,0.000105
155,0.000104
736,0.000104
4972,0.000104
69,0.000101
1644,0.000098
1978,0.000098