VertexID,Rank
33,0.000241
1764,0.000239
3823,0.000176
338,0.000143
1113,0.000142
3,0.000138
7307,0.000129
952,0.000128
853,0.000127
127,0.000119
1511,0.000118
4972,0.000115
6908,0.000109
2371,0.000106
155,0.000102
1978,0.000098
7438,0.000096
4251,0.000096
736,0.000096
1454,0.000094