VertexID,Rank
33,0.000264
1764,0.000239
3823,0.000179
338,0.000145
3,0.000135
1511,0.000131
1113,0.000124
952,0.000121
127,0.000119
853,0.000117
2371,0.000110
3504,0.000109
6908,0.000107
4972,0.000106
155,0.000104
7307,0.000102
1882,0.000097
145,0.000095
2376,0.000095
69,0.000094