VertexID,Rank
33,0.000267
1764,0.000252
3823,0.000192
338,0.000155
3,0.000144
1511,0.000127
1113,0.000127
952,0.000126
6908,0.000124
853,0.000120
4972,0.000120
7307,0.000111
127,0.000109
1882,0.000109
155,0.000109
2371,0.000104
1978,0.000100
1964,0.000099
69,0.000097
1644,0.000094