VertexID,Rank
1764,0.000256
33,0.000252
3823,0.000174
338,0.000141
3,0.000133
952,0.000132
1113,0.000124
6908,0.000122
7307,0.000121
1511,0.000119
853,0.000116
1882,0.000114
4972,0.000107
69,0.000104
127,0.000103
7438,0.000101
155,0.000098
1454,0.000098
736,0.000096
2376,0.000094