VertexID,Rank
1764,0.000258
33,0.000249
3823,0.000159
338,0.000147
3,0.000134
1113,0.000130
952,0.000130
1511,0.000127
4972,0.000122
853,0.000115
1882,0.000111
2371,0.000109
1454,0.000105
127,0.000104
6908,0.000103
69,0.000101
3504,0.000098
1644,0.000096
155,0.000095
736,0.000094