VertexID,Rank
33,0.000251
1764,0.000222
3823,0.000181
338,0.000134
1511,0.000134
1113,0.000130
952,0.000129
3,0.000126
853,0.000119
6908,0.000116
2371,0.000111
4972,0.000108
127,0.000106
7307,0.000104
1454,0.000100
155,0.000098
736,0.000098
3504,0.000096
1644,0.000093
2376,0.000092
