VertexID,Rank
1764,0.000248
33,0.000235
3823,0.000169
338,0.000151
3,0.000145
1113,0.000134
853,0.000134
1511,0.000130
952,0.000122
7307,0.000114
6908,0.000109
4972,0.000105
2371,0.000102
1454,0.000102
69,0.000101
736,0.000099
127,0.000098
1978,0.000095
3504,0.000095
7438,0.000091
