VertexID,Rank
33,0.000246
1764,0.000233
3823,0.000188
338,0.000144
3,0.000141
1511,0.000123
1113,0.000123
952,0.000121
7307,0.000117
155,0.000115
853,0.000114
2371,0.000106
1882,0.000105
4972,0.000105
6908,0.000104
127,0.000101
1964,0.000099
7438,0.000091
3504,0.000091
131,0.000091
