VertexID,Rank
1764,0.000254
33,0.000247
3823,0.000177
1511,0.000152
3,0.000143
338,0.000141
1113,0.000138
952,0.000124
6908,0.000120
853,0.000119
7307,0.000106
155,0.000105
127,0.000104
69,0.000101
3504,0.000099
2371,0.000097
736,0.000097
4972,0.000096
1454,0.000094
1978,0.000093
