VertexID,Rank
1764,0.000244
33,0.000236
3823,0.000182
3,0.000140
338,0.000137
1511,0.000134
952,0.000131
1113,0.000127
7307,0.000125
853,0.000119
4972,0.000113
127,0.000107
6908,0.000107
69,0.000105
2371,0.000102
1882,0.000101
3504,0.000099
1978,0.000099
1964,0.000098
7438,0.000098
