VertexID,Rank
33,0.000260
1764,0.000243
3823,0.000196
3,0.000133
952,0.000129
338,0.000129
1511,0.000127
1113,0.000126
7307,0.000120
2371,0.000119
853,0.000118
1882,0.000112
127,0.000106
6908,0.000104
2376,0.000102
69,0.000100
4972,0.000099
155,0.000099
1978,0.000098
3504,0.000096
