VertexID,Rank
33,0.000252
1764,0.000238
3823,0.000190
338,0.000144
1511,0.000138
952,0.000137
3,0.000137
853,0.000129
1113,0.000116
127,0.000112
6908,0.000111
7307,0.000110
2371,0.000109
4972,0.000107
155,0.000105
4847,0.000100
69,0.000100
7438,0.000099
3504,0.000095
736,0.000094
