VertexID,Rank
1764,0.000246
33,0.000244
3823,0.000176
338,0.000154
1113,0.000146
3,0.000142
952,0.000133
4972,0.000127
1511,0.000126
853,0.000122
7307,0.000121
6908,0.000110
127,0.000104
155,0.000101
69,0.000101
7438,0.000100
1454,0.000099
2371,0.000098
736,0.000095
2093,0.000090
