VertexID,Rank
1764,0.000243
33,0.000236
3823,0.000184
3,0.000152
338,0.000150
1511,0.000133
1113,0.000127
853,0.000121
952,0.000121
7307,0.000121
6908,0.000112
155,0.000108
4972,0.000106
2371,0.000106
127,0.000103
1882,0.000103
69,0.000101
3504,0.000098
1454,0.000096
736,0.000094
