VertexID,Rank
1764,0.000246
33,0.000240
3823,0.000183
338,0.000150
1113,0.000147
1511,0.000134
3,0.000133
853,0.000132
952,0.000126
2371,0.000123
127,0.000111
6908,0.000107
3504,0.000104
7438,0.000103
1644,0.000103
69,0.000102
4972,0.000101
155,0.000100
7307,0.000099
2857,0.000096
