VertexID,Rank
1764,0.000249
33,0.000240
3823,0.000181
1113,0.000141
338,0.000140
3,0.000135
853,0.000133
1511,0.000130
952,0.000123
2371,0.000113
7307,0.000110
127,0.000106
6908,0.000106
4972,0.000105
1882,0.000104
2857,0.000102
3504,0.000100
2376,0.000099
1978,0.000097
155,0.000096
