VertexID,Rank
33,0.000250
1764,0.000239
3823,0.000174
952,0.000140
3,0.000139
338,0.000139
853,0.000132
1113,0.000129
1511,0.000128
7307,0.000116
6908,0.000115
4972,0.000109
1882,0.000106
69,0.000106
1454,0.000104
155,0.000101
127,0.000101
2371,0.000097
1644,0.000096
5004,0.000094
