VertexID,Rank
33,0.000243
1764,0.000229
3823,0.000189
3,0.000141
338,0.000135
1511,0.000127
1113,0.000125
952,0.000124
7307,0.000121
6908,0.000117
853,0.000117
127,0.000111
4972,0.000103
3504,0.000101
69,0.000101
736,0.000101
7438,0.000101
2371,0.000100
155,0.000096
1882,0.000090
