VertexID,Rank
1764,0.000245
33,0.000236
3823,0.000185
3,0.000137
338,0.000134
952,0.000131
1511,0.000125
1113,0.000125
853,0.000114
7307,0.000112
4972,0.000111
2371,0.000105
6908,0.000105
69,0.000100
1882,0.000099
7438,0.000098
1454,0.000097
3504,0.000097
1978,0.000095
155,0.000094
