VertexID,Rank
33,0.000265
1764,0.000238
3823,0.000174
1511,0.000133
338,0.000132
1113,0.000131
952,0.000124
853,0.000117
155,0.000110
6908,0.000110
3,0.000107
127,0.000107
4972,0.000105
7307,0.000102
2371,0.000102
2093,0.000100
1454,0.000099
1882,0.000099
3504,0.000097
7438,0.000096
