VertexID,Rank
33,0.000254
1764,0.000238
3823,0.000188
1511,0.000141
338,0.000139
3,0.000134
952,0.000131
1113,0.000126
6908,0.000112
127,0.000110
4972,0.000110
3504,0.000107
853,0.000106
7307,0.000104
736,0.000101
69,0.000100
2376,0.000100
2371,0.000097
2207,0.000096
1964,0.000093
