VertexID,Rank
33,0.000267
1764,0.000235
3823,0.000190
338,0.000137
1511,0.000134
3,0.000128
952,0.000122
853,0.000119
1113,0.000115
6908,0.000111
155,0.000107
127,0.000104
736,0.000103
3504,0.000102
4972,0.000100
1454,0.000098
4847,0.000096
7307,0.000096
1882,0.000094
2376,0.000093
