memory_mb,runtime_sec
1000,75.169740792
1500,68.821347375
2000,70.739366917
2000,70.739366917
