memory_mb,runtime_sec
1000,215.765637125
1300,67.444104333
1500,68.913299584
1700,65.716505
2000,74.708650333
