memory_mb,runtime_sec
500,446.275697084
700,537.044589
1000,558.978721917
1300,590.408996084
1500,678.334672792
1700,740.915956208
2000,830.205719083
