memory_mb,runtime_sec
450,633.009436708
700,625.114137417
1000,655.219432584
1500,735.42792425
2000,1015.390773917
