VertexID,Rank
33,0.000252
1764,0.000244
3823,0.000180
3,0.000145
338,0.000144
1113,0.000134
952,0.000130
1511,0.000129
853,0.000127
127,0.000109
6908,0.000108
2371,0.000107
7307,0.000105
4972,0.000104
736,0.000103
155,0.000100
1882,0.000100
69,0.000099
7438,0.000097
1454,0.000095