VertexID,Rank
33,0.000256
1764,0.000238
3823,0.000180
338,0.000143
3,0.000139
1511,0.000134
1113,0.000132
952,0.000127
853,0.000124
7307,0.000115
6908,0.000111
2371,0.000111
127,0.000110
4972,0.000109
1882,0.000102
69,0.000102
155,0.000101
736,0.000099
1454,0.000096
7438,0.000094