VertexID,Rank
33,0.000257
1764,0.000245
3823,0.000176
338,0.000148
3,0.000138
1511,0.000134
1113,0.000129
952,0.000127
853,0.000125
7307,0.000113
6908,0.000111
127,0.000109
4972,0.000108
155,0.000108
2371,0.000106
1882,0.000104
736,0.000097
7438,0.000096
69,0.000095
3504,0.000093