VertexID,Rank
33,0.000259
1764,0.000230
3823,0.000182
3,0.000147
338,0.000143
1511,0.000131
1113,0.000130
952,0.000128
853,0.000119
4972,0.000112
127,0.000111
6908,0.000108
155,0.000107
7307,0.000107
2371,0.000106
1882,0.000101
736,0.000099
1964,0.000096
1978,0.000095
69,0.000095