VertexID,Rank
33,0.000260
1764,0.000242
3823,0.000181
338,0.000141
3,0.000136
1511,0.000131
1113,0.000129
952,0.000128
853,0.000117
6908,0.000110
127,0.000109
4972,0.000107
7307,0.000106
736,0.000103
2371,0.000102
155,0.000100
1882,0.000099
69,0.000097
7438,0.000096
1454,0.000096