VertexID,Rank
33,0.000258
1764,0.000247
3823,0.000183
338,0.000154
3,0.000137
1511,0.000135
952,0.000131
1113,0.000131
853,0.000125
7307,0.000115
127,0.000113
4972,0.000112
6908,0.000111
2371,0.000107
155,0.000100
69,0.000099
3504,0.000098
1454,0.000097
1882,0.000093
736,0.000093