VertexID,Rank
33,0.000262
1764,0.000246
3823,0.000183
338,0.000147
3,0.000138
1511,0.000136
1113,0.000127
952,0.000124
853,0.000123
6908,0.000111
127,0.000111
4972,0.000109
7307,0.000106
2371,0.000104
69,0.000102
155,0.000100
1882,0.000099
1454,0.000099
736,0.000097
1644,0.000095