VertexID,Rank
33,0.000252
1764,0.000241
3823,0.000186
338,0.000150
3,0.000138
1511,0.000132
1113,0.000131
952,0.000128
853,0.000123
7307,0.000117
127,0.000115
6908,0.000109
4972,0.000106
2371,0.000104
155,0.000101
736,0.000101
1882,0.000099
3504,0.000097
69,0.000096
1964,0.000093