VertexID,Rank
33,0.000256
1764,0.000246
3823,0.000185
338,0.000151
3,0.000143
1511,0.000133
952,0.000130
1113,0.000128
853,0.000125
6908,0.000110
7307,0.000108
2371,0.000108
127,0.000108
4972,0.000107
155,0.000100
1882,0.000097
736,0.000097
1454,0.000096
69,0.000096
7438,0.000095