VertexID,Rank
33,0.000259
1764,0.000239
3823,0.000181
338,0.000147
3,0.000140
1511,0.000136
1113,0.000133
952,0.000128
853,0.000125
7307,0.000111
4972,0.000111
6908,0.000109
2371,0.000109
127,0.000108
155,0.000101
1882,0.000099
69,0.000096
736,0.000095
7438,0.000094
3504,0.000094