VertexID,Rank
33,0.000262
1764,0.000243
3823,0.000188
3,0.000142
338,0.000139
1113,0.000139
1511,0.000132
952,0.000130
853,0.000121
7307,0.000120
6908,0.000117
127,0.000116
155,0.000108
2371,0.000108
1882,0.000108
3504,0.000099
1454,0.000099
4972,0.000098
1644,0.000097
7438,0.000096
