VertexID,Rank
33,0.000254
1764,0.000240
3823,0.000194
338,0.000142
3,0.000142
1511,0.000132
1113,0.000128
853,0.000124
7307,0.000118
952,0.000116
127,0.000113
6908,0.000112
4972,0.000108
2371,0.000102
1882,0.000102
155,0.000100
7438,0.000099
3504,0.000099
2376,0.000096
2857,0.000094
