VertexID,Rank
1764,0.000248
33,0.000243
3823,0.000198
338,0.000147
3,0.000146
952,0.000139
1511,0.000129
6908,0.000124
1113,0.000122
853,0.000121
127,0.000115
7307,0.000110
2371,0.000109
4972,0.000105
155,0.000104
69,0.000103
1882,0.000102
736,0.000097
3052,0.000094
7438,0.000094
