VertexID,Rank
33,0.000259
1764,0.000250
3823,0.000188
3,0.000146
338,0.000144
1511,0.000144
1113,0.000131
952,0.000127
6908,0.000118
853,0.000118
127,0.000117
7307,0.000114
4972,0.000114
155,0.000105
69,0.000100
2371,0.000097
736,0.000094
3504,0.000094
1964,0.000093
1644,0.000093
