VertexID,Rank
33,0.000243
1764,0.000243
3823,0.000203
338,0.000139
3,0.000137
1113,0.000124
1511,0.000124
853,0.000124
952,0.000121
6908,0.000113
7307,0.000112
4972,0.000110
2371,0.000106
1454,0.000104
736,0.000101
155,0.000097
7438,0.000095
1978,0.000094
3504,0.000094
69,0.000092
