VertexID,Rank
1764,0.000232
33,0.000229
3823,0.000185
338,0.000150
1113,0.000143
3,0.000141
1511,0.000137
952,0.000131
6908,0.000117
2371,0.000107
4972,0.000104
1882,0.000104
853,0.000103
7438,0.000102
7307,0.000102
155,0.000099
2857,0.000099
736,0.000098
4847,0.000096
1964,0.000096
