VertexID,Rank
1764,0.000248
33,0.000236
3823,0.000177
338,0.000140
3,0.000137
1113,0.000136
853,0.000129
1511,0.000126
952,0.000121
7307,0.000117
69,0.000104
6908,0.000102
127,0.000102
3504,0.000102
155,0.000101
736,0.000101
2371,0.000098
4972,0.000098
7438,0.000096
4847,0.000095
