VertexID,Rank
1764,0.000243
33,0.000231
3823,0.000170
3,0.000146
338,0.000144
1511,0.000135
952,0.000132
1113,0.000124
853,0.000115
7307,0.000113
6908,0.000111
4972,0.000108
2371,0.000107
3504,0.000107
127,0.000106
7438,0.000103
155,0.000101
69,0.000099
1454,0.000095
3052,0.000095
