memory_mb,runtime_sec
1000,55.921444417
1300,52.456889375
1500,113.258473209
2000,77.039292833
