memory_mb,runtime_sec
450,493.655927836
700,506.84854858
1000,624.14965182
1500,576.682135284
2000,570.517579971