VertexID,Rank
33,0.000261
1764,0.000228
3823,0.000181
1113,0.000142
1511,0.000136
338,0.000135
853,0.000132
952,0.000128
3,0.000127
2371,0.000119
6908,0.000119
155,0.000106
127,0.000104
1882,0.000101
736,0.000099
4847,0.000098
4972,0.000095
7307,0.000094
7438,0.000094
1454,0.000093
