VertexID,Rank
33,0.000266
1764,0.000257
3823,0.000200
338,0.000155
3,0.000147
1113,0.000128
853,0.000127
1511,0.000125
952,0.000120
7307,0.000117
2371,0.000109
155,0.000104
6908,0.000101
1454,0.000101
1882,0.000100
69,0.000100
4972,0.000099
127,0.000096
1964,0.000095
3504,0.000094
