VertexID,Rank
1764,0.000243
33,0.000239
3823,0.000189
338,0.000143
3,0.000132
1511,0.000130
1113,0.000127
853,0.000121
952,0.000115
7307,0.000114
6908,0.000107
4972,0.000106
2371,0.000103
127,0.000101
69,0.000099
3504,0.000097
155,0.000097
1882,0.000095
1454,0.000094
7438,0.000093
