VertexID,Rank
33,0.000276
1764,0.000229
3823,0.000182
3,0.000145
338,0.000144
1113,0.000136
952,0.000129
1511,0.000128
853,0.000124
4972,0.000112
6908,0.000109
7307,0.000108
2371,0.000106
736,0.000103
69,0.000099
1964,0.000099
2376,0.000098
127,0.000098
155,0.000097
1882,0.000097
