memory_mb,runtime_sec
450,34.67193375
700,36.426729916
1000,38.168324
1300,59.848100833
1500,68.775831708
2000,67.650862458
