VertexID,Rank
33,0.000269
1764,0.000226
3823,0.000179
3,0.000139
338,0.000138
1511,0.000137
1113,0.000132
952,0.000130
853,0.000127
4972,0.000118
7307,0.000118
6908,0.000117
1882,0.000106
127,0.000105
3504,0.000104
2371,0.000102
1454,0.000099
155,0.000098
4847,0.000096
736,0.000096
