VertexID,Rank
33,0.000269
1764,0.000248
3823,0.000178
3,0.000147
338,0.000134
1511,0.000133
1113,0.000132
853,0.000122
7307,0.000115
127,0.000115
952,0.000114
7438,0.000107
1454,0.000106
1882,0.000104
6908,0.000103
736,0.000102
69,0.000101
1964,0.000100
2371,0.000099
2207,0.000098
