VertexID,Rank
33,0.000265
1764,0.000229
3823,0.000186
338,0.000154
3,0.000134
1511,0.000128
952,0.000126
1113,0.000124
853,0.000123
7307,0.000117
6908,0.000114
127,0.000110
2371,0.000109
1644,0.000106
155,0.000106
1454,0.000099
3504,0.000097
4972,0.000094
3052,0.000094
69,0.000094
