VertexID,Rank
33,0.000250
1764,0.000248
3823,0.000174
1511,0.000141
3,0.000139
338,0.000134
853,0.000129
7307,0.000122
952,0.000120
2371,0.000117
1113,0.000114
127,0.000111
6908,0.000104
3504,0.000103
4972,0.000102
736,0.000102
1882,0.000098
1978,0.000098
1644,0.000094
7438,0.000091
