VertexID,Rank
33,0.000271
1764,0.000237
3823,0.000183
338,0.000152
3,0.000143
1511,0.000143
1113,0.000128
853,0.000122
952,0.000121
6908,0.000114
1882,0.000105
1644,0.000102
155,0.000101
7307,0.000098
69,0.000097
4972,0.000097
127,0.000096
736,0.000096
3052,0.000094
3504,0.000092
