VertexID,Rank
1764,0.000261
33,0.000257
3823,0.000178
338,0.000164
3,0.000132
1113,0.000128
952,0.000127
853,0.000123
1511,0.000122
4972,0.000111
7307,0.000108
2371,0.000107
6908,0.000102
1882,0.000102
69,0.000101
7438,0.000098
1454,0.000096
736,0.000096
1964,0.000095
127,0.000095
