VertexID,Rank
33,0.000267
1764,0.000251
3823,0.000170
338,0.000146
3,0.000146
1511,0.000139
952,0.000132
1113,0.000129
127,0.000122
853,0.000120
6908,0.000114
7307,0.000109
2371,0.000106
4972,0.000106
736,0.000105
69,0.000099
3504,0.000099
1882,0.000098
2857,0.000097
1454,0.000096
