VertexID,Rank
33,0.000248
1764,0.000245
3823,0.000199
338,0.000145
3,0.000144
1113,0.000133
1511,0.000130
952,0.000128
853,0.000115
4972,0.000113
7307,0.000111
6908,0.000107
155,0.000104
127,0.000104
2371,0.000103
736,0.000102
7438,0.000101
4847,0.000100
69,0.000096
2376,0.000094
