VertexID,Rank
33,0.000252
1764,0.000233
3823,0.000178
338,0.000150
3,0.000137
1511,0.000131
1113,0.000129
853,0.000121
7307,0.000115
952,0.000114
127,0.000113
6908,0.000110
2376,0.000107
2371,0.000106
1882,0.000102
69,0.000101
4972,0.000101
1644,0.000100
155,0.000096
3052,0.000096
