VertexID,Rank
1764,0.000232
33,0.000228
3823,0.000168
338,0.000152
1511,0.000144
3,0.000140
1113,0.000132
952,0.000128
853,0.000120
2371,0.000114
7307,0.000114
6908,0.000113
4972,0.000105
1882,0.000102
155,0.000101
69,0.000097
2376,0.000097
1644,0.000095
4847,0.000095
7438,0.000095
