VertexID,Rank
33,0.000250
1764,0.000244
3823,0.000171
338,0.000152
952,0.000139
3,0.000133
1511,0.000130
1113,0.000127
7307,0.000124
853,0.000123
2371,0.000109
4972,0.000106
6908,0.000106
127,0.000100
1454,0.000099
1964,0.000097
7438,0.000096
1882,0.000096
1978,0.000096
736,0.000095
