VertexID,Rank
1764,0.000248
33,0.000246
3823,0.000174
338,0.000139
1113,0.000133
952,0.000129
127,0.000124
1511,0.000121
853,0.000120
7307,0.000118
3,0.000118
6908,0.000110
4972,0.000108
736,0.000107
69,0.000104
1882,0.000103
2371,0.000101
1978,0.000099
1644,0.000096
3504,0.000096
