VertexID,Rank
33,0.000244
1764,0.000231
3823,0.000192
338,0.000152
1113,0.000141
3,0.000134
1511,0.000133
952,0.000125
853,0.000124
7307,0.000121
6908,0.000120
3504,0.000112
2371,0.000112
4972,0.000102
7438,0.000099
736,0.000099
127,0.000098
3052,0.000097
1882,0.000096
155,0.000093
