VertexID,Rank
1764,0.000245
33,0.000233
3823,0.000178
338,0.000141
1113,0.000139
3,0.000137
1511,0.000135
853,0.000124
7307,0.000117
952,0.000116
127,0.000114
4972,0.000112
6908,0.000111
155,0.000107
2371,0.000103
3052,0.000101
736,0.000100
1644,0.000099
4847,0.000099
1882,0.000095
