VertexID,Rank
33,0.000262
1764,0.000230
3823,0.000182
338,0.000150
3,0.000142
1511,0.000139
1113,0.000138
952,0.000129
127,0.000117
853,0.000115
2371,0.000112
7307,0.000108
4972,0.000108
7438,0.000104
736,0.000103
155,0.000101
6908,0.000101
1454,0.000099
69,0.000098
1882,0.000098