VertexID,Rank
33,0.000275
1764,0.000253
3823,0.000180
3,0.000150
338,0.000147
1113,0.000135
1511,0.000130
952,0.000123
127,0.000117
853,0.000115
7307,0.000113
6908,0.000109
1644,0.000109
736,0.000108
1882,0.000107
2371,0.000105
4972,0.000105
1454,0.000104
155,0.000097
7438,0.000092
