VertexID,Rank
33,0.000274
1764,0.000229
3823,0.000176
338,0.000157
3,0.000132
2371,0.000126
1113,0.000125
1511,0.000124
7307,0.000124
4972,0.000120
952,0.000117
6908,0.000115
127,0.000113
853,0.000113
155,0.000108
7438,0.000100
1882,0.000099
2376,0.000098
3052,0.000095
69,0.000094
