VertexID,Rank
33,0.000262
1764,0.000241
3823,0.000176
338,0.000154
952,0.000147
1511,0.000137
3,0.000136
1113,0.000123
853,0.000119
6908,0.000110
7307,0.000110
155,0.000109
2371,0.000106
4972,0.000103
1882,0.000100
3052,0.000099
127,0.000098
1454,0.000095
5004,0.000095
736,0.000094
