VertexID,Rank
33,0.000245
1764,0.000233
3823,0.000198
338,0.000129
1511,0.000129
1113,0.000129
853,0.000123
3,0.000122
952,0.000118
2371,0.000117
7307,0.000115
4972,0.000108
3504,0.000107
6908,0.000104
1882,0.000102
127,0.000102
736,0.000101
155,0.000101
2857,0.000099
69,0.000098
