VertexID,Rank
33,0.000260
1764,0.000233
3823,0.000199
3,0.000155
338,0.000152
1511,0.000134
952,0.000133
1113,0.000124
6908,0.000115
853,0.000114
127,0.000113
4972,0.000112
1882,0.000109
7438,0.000102
2371,0.000101
69,0.000100
2376,0.000099
7307,0.000099
736,0.000098
155,0.000095
