VertexID,Rank
33,0.000263
1764,0.000260
3823,0.000171
3,0.000155
338,0.000148
1511,0.000133
952,0.000126
1113,0.000121
853,0.000117
7307,0.000114
4972,0.000110
6908,0.000110
2371,0.000108
1964,0.000104
127,0.000103
736,0.000096
2376,0.000096
69,0.000094
3504,0.000093
155,0.000093
