VertexID,Rank
33,0.000259
1764,0.000250
3823,0.000178
3,0.000147
338,0.000139
1113,0.000136
952,0.000130
1511,0.000127
853,0.000126
155,0.000107
1964,0.000105
7307,0.000105
736,0.000104
2371,0.000104
6908,0.000102
69,0.000101
4972,0.000100
127,0.000099
3504,0.000097
7438,0.000096
