VertexID,Rank
33,0.000247
1764,0.000234
3823,0.000183
3,0.000150
338,0.000143
1511,0.000134
1113,0.000133
952,0.000130
853,0.000121
7438,0.000110
2371,0.000105
127,0.000104
6908,0.000104
4972,0.000101
7307,0.000099
1882,0.000098
5004,0.000096
3052,0.000094
736,0.000094
155,0.000093
