VertexID,Rank
33,0.000258
1764,0.000224
3823,0.000213
338,0.000154
1511,0.000142
3,0.000134
952,0.000134
853,0.000127
1113,0.000125
7307,0.000117
2371,0.000109
736,0.000106
155,0.000105
127,0.000104
4972,0.000101
6908,0.000101
7438,0.000097
1882,0.000095
2857,0.000095
4847,0.000095
