VertexID,Rank
33,0.000270
1764,0.000244
3823,0.000192
3,0.000143
853,0.000142
338,0.000138
1511,0.000135
1113,0.000134
952,0.000126
7307,0.000119
2371,0.000108
6908,0.000106
7438,0.000103
127,0.000102
155,0.000102
4972,0.000101
1882,0.000101
69,0.000100
1964,0.000100
3052,0.000095
