VertexID,Rank
33,0.000259
1764,0.000241
3823,0.000186
338,0.000153
3,0.000144
1511,0.000135
1113,0.000131
952,0.000128
853,0.000123
7307,0.000114
127,0.000112
6908,0.000111
2371,0.000105
155,0.000103
4972,0.000103
1882,0.000102
69,0.000098
736,0.000097
1454,0.000096
3504,0.000095