VertexID,Rank
33,0.000258
1764,0.000242
3823,0.000181
338,0.000149
3,0.000141
1113,0.000128
952,0.000127
1511,0.000127
853,0.000125
127,0.000111
2371,0.000111
7307,0.000110
6908,0.000109
1882,0.000106
4972,0.000104
155,0.000101
736,0.000098
1454,0.000097
69,0.000094
3504,0.000094