VertexID,Rank
33,0.000238
1764,0.000229
3823,0.000185
338,0.000156
1511,0.000137
3,0.000135
952,0.000135
853,0.000130
1113,0.000123
4972,0.000113
7307,0.000111
2371,0.000107
1882,0.000104
127,0.000102
6908,0.000101
155,0.000099
1454,0.000098
3504,0.000096
7438,0.000094
69,0.000094
