VertexID,Rank
33,0.000261
1764,0.000256
3823,0.000170
338,0.000158
3,0.000145
952,0.000131
853,0.000129
1511,0.000127
1113,0.000126
7307,0.000116
127,0.000113
6908,0.000110
4972,0.000108
2371,0.000106
155,0.000098
1978,0.000095
2376,0.000094
1882,0.000093
736,0.000093
3052,0.000090
