VertexID,Rank
33,0.000266
1764,0.000237
3823,0.000194
3,0.000145
338,0.000142
1511,0.000135
952,0.000134
1113,0.000129
853,0.000123
7307,0.000122
4972,0.000114
6908,0.000113
2371,0.000112
155,0.000107
736,0.000105
1882,0.000103
127,0.000103
1454,0.000100
69,0.000099
7438,0.000099
