VertexID,Rank
33,0.000261
1764,0.000249
3823,0.000180
338,0.000148
3,0.000140
1113,0.000132
952,0.000131
853,0.000127
1511,0.000121
6908,0.000113
2371,0.000109
69,0.000104
155,0.000104
7307,0.000104
4972,0.000101
127,0.000100
736,0.000097
7438,0.000095
2376,0.000094
3504,0.000093
