VertexID,Rank
1764,0.000257
33,0.000252
3823,0.000180
338,0.000144
3,0.000137
1511,0.000136
853,0.000124
1113,0.000120
7307,0.000119
952,0.000117
4972,0.000117
6908,0.000114
127,0.000112
2371,0.000104
69,0.000103
1978,0.000102
736,0.000100
1882,0.000099
155,0.000097
1454,0.000096
