VertexID,Rank
1764,0.000243
33,0.000223
3823,0.000192
338,0.000150
3,0.000131
1113,0.000130
1511,0.000128
952,0.000120
7307,0.000116
4972,0.000115
853,0.000112
155,0.000109
1882,0.000107
6908,0.000104
2376,0.000103
2371,0.000102
69,0.000099
127,0.000098
1644,0.000098
736,0.000097
