VertexID,Rank
33,0.000255
1764,0.000243
3823,0.000178
338,0.000162
1511,0.000139
853,0.000134
3,0.000130
952,0.000126
1113,0.000121
6908,0.000118
2371,0.000109
7307,0.000107
155,0.000106
736,0.000104
4972,0.000104
127,0.000103
7438,0.000098
2376,0.000095
69,0.000095
3504,0.000093
