VertexID,Rank
33,0.000271
1764,0.000235
3823,0.000179
338,0.000153
853,0.000136
3,0.000134
1511,0.000132
1113,0.000127
952,0.000123
6908,0.000119
7307,0.000112
4972,0.000110
127,0.000109
2371,0.000107
1882,0.000104
2857,0.000102
155,0.000101
69,0.000100
1978,0.000098
3052,0.000097
