VertexID,Rank
33,0.000248
1764,0.000239
3823,0.000190
1511,0.000137
338,0.000132
3,0.000132
1113,0.000132
952,0.000129
853,0.000124
7307,0.000122
2371,0.000113
127,0.000112
4972,0.000106
6908,0.000106
155,0.000102
1882,0.000101
2376,0.000100
69,0.000099
1644,0.000096
1964,0.000096
